Workbook

Sheet Resumo
A6: PLANILHA DE CÁLCULO – CUMPRIMENTO DE SENTENÇA
B8: DADOS DO PROCESSO
B9: Processo | C9: 0800633-40.2025.8.18.0061 – Vara Única da Comarca de Miguel Alves/PI
B10: Data da citação (termo inicial – restituição) | C10: 45950
B11: Data do arbitramento (termo inicial – danos morais) | C11: 46233
B12: Data-base do cálculo | C12: 46325
B13: Exequente | C13: MARIA DOS MILAGRES DE SOUSA OLIVEIRA (gratuidade de justiça deferida)
B14: Executados (responsabilidade solidária) | C14: PORTAL DA CIDADE DE MIGUEL ALVES SPE LTDA; VIVALAR INCORPORAÇÕES IMOBILIÁRIAS LTDA; ROGERS RAMON SOARES FREITAS
B15: Título executivo | C15: Sentença ID 101853105, integrada pela decisão em embargos de declaração ID 105869610
B16: Índice | C16: Taxa SELIC (correção monetária + juros de mora), conforme o título
A18: Item | B18: Verba | C18: Valor histórico | D18: Fator SELIC | E18: Valor atualizado | F18: Fundamento
A19: 1 | B19: Restituição integral dos valores pagos (contratos nº 522, 523 e 524 – lotes 40, 41 e 39 da Quadra D), já incluídos sinal e corretagem | C19: 33247.41 | D19: =SELIC!$C$20 -> 1.1440789 | E19: =ROUND(C19*D19,2) -> 38037.66 | F19: Sentença, item I; decisão ED, item "e" – SELIC desde a citação
A20: 2 | B20: Indenização por danos morais | C20: 2000 | D20: =SELIC!$D$20 -> 1.0300745 | E20: =ROUND(C20*D20,2) -> 2060.15 | F20: Sentença, item II – SELIC desde o arbitramento (30/07/2026)
A21: 3 | B21: Subtotal da condenação (1 + 2) | C21: =C19+C20 -> 35247.41 | E21: =E19+E20 -> 40097.81
A22: 4 | B22: Honorários advocatícios sucumbenciais – 10% sobre o valor da condenação | C22: 0.1 | E22: =ROUND(E21*C22,2) -> 4009.78 | F22: Sentença (dispositivo); mantidos na decisão ED, item "a"
B23: TOTAL DEVIDO PARA PAGAMENTO VOLUNTÁRIO (art. 523, caput, CPC) | E23: =E21+E22 -> 44107.59
B25: ACRÉSCIMOS EM CASO DE NÃO PAGAMENTO EM 15 DIAS (art. 523, § 1º, CPC) | D25: Percentual | E25: Valor | F25: Fundamento
A26: 5 | B26: Multa | D26: 0.1 | E26: =ROUND($E$23*D26,2) -> 4410.76 | F26: Art. 523, § 1º, CPC
A27: 6 | B27: Honorários advocatícios da fase de cumprimento | D27: 0.1 | E27: =ROUND($E$23*D27,2) -> 4410.76 | F27: Art. 523, § 1º, CPC
B28: TOTAL APÓS O PRAZO SEM PAGAMENTO (TOTAL + MULTA + HONORÁRIOS) | E28: =E23+E26+E27 -> 52929.11
A30: OBSERVAÇÕES
A31: 1. Valor histórico da restituição fixado pela decisão de embargos (ID 105869610, item "e"): R$ 33.247,41, já incluídos sinal e intermediação/corretagem – sem cobrança autônoma da corretagem (vedado o bis in idem).
A32: 2. A SELIC engloba correção monetária e juros de mora; por isso não se aplica outro índice nem juros adicionais (título executivo).
A33: 3. Fator SELIC: produto dos fatores mensais (1 + taxa × fração do mês), com pro rata die nos meses inicial e final – detalhamento na aba "SELIC".
A34: 4. Responsabilidade solidária dos três executados (decisão ED, item "d"): o total pode ser exigido integralmente de qualquer deles (art. 275 do CC).
A35: 5. Custas processuais: a cargo dos executados, conforme a conta da Secretaria; não integram o crédito da exequente, beneficiária da gratuidade.
A36: 6. Células em amarelo devem ser conferidas antes do protocolo (data da citação e índices SELIC não oficiais).

Sheet SELIC
A1: TABELA DA TAXA SELIC ACUMULADA NO MÊS (BCB – SGS 4390)
A2: Fração = parcela do mês efetivamente decorrida dentro do período de incidência (pro rata die nos meses inicial e final). Células amarelas: conferir com a série oficial antes do protocolo.
A4: Mês | B4: SELIC (% a.m.) | C4: Fração – Restituição (desde a citação) | D4: Fração – Danos morais (desde o arbitramento) | E4: Situação | F4: Observação
A5: 45901 | B5: 0.0122 | C5: =MAX(0,MIN(EOMONTH(A5,0),Resumo!$C$12)-MAX(A5-1,Resumo!$C$10))/DAY(EOMONTH(A5,0)) -> 0 | D5: =MAX(0,MIN(EOMONTH(A5,0),Resumo!$C$12)-MAX(A5-1,Resumo!$C$11))/DAY(EOMONTH(A5,0)) -> 0 | E5: Conferir | F5: Confirmar na série oficial do BCB
A6: 45931 | B6: 0.0128 | C6: =MAX(0,MIN(EOMONTH(A6,0),Resumo!$C$12)-MAX(A6-1,Resumo!$C$10))/DAY(EOMONTH(A6,0)) -> 0.35483871 | D6: =MAX(0,MIN(EOMONTH(A6,0),Resumo!$C$12)-MAX(A6-1,Resumo!$C$11))/DAY(EOMONTH(A6,0)) -> 0 | E6: Conferir | F6: Confirmar na série oficial do BCB
A7: 45962 | B7: 0.0105 | C7: =MAX(0,MIN(EOMONTH(A7,0),Resumo!$C$12)-MAX(A7-1,Resumo!$C$10))/DAY(EOMONTH(A7,0)) -> 1 | D7: =MAX(0,MIN(EOMONTH(A7,0),Resumo!$C$12)-MAX(A7-1,Resumo!$C$11))/DAY(EOMONTH(A7,0)) -> 0 | E7: Conferir | F7: Confirmar na série oficial do BCB
A8: 45992 | B8: 0.0122 | C8: =MAX(0,MIN(EOMONTH(A8,0),Resumo!$C$12)-MAX(A8-1,Resumo!$C$10))/DAY(EOMONTH(A8,0)) -> 1 | D8: =MAX(0,MIN(EOMONTH(A8,0),Resumo!$C$12)-MAX(A8-1,Resumo!$C$11))/DAY(EOMONTH(A8,0)) -> 0 | E8: Conferir | F8: Confirmar na série oficial do BCB
A9: 46023 | B9: 0.0116 | C9: =MAX(0,MIN(EOMONTH(A9,0),Resumo!$C$12)-MAX(A9-1,Resumo!$C$10))/DAY(EOMONTH(A9,0)) -> 1 | D9: =MAX(0,MIN(EOMONTH(A9,0),Resumo!$C$12)-MAX(A9-1,Resumo!$C$11))/DAY(EOMONTH(A9,0)) -> 0 | E9: Conferir | F9: Confirmar na série oficial do BCB
A10: 46054 | B10: 0.01 | C10: =MAX(0,MIN(EOMONTH(A10,0),Resumo!$C$12)-MAX(A10-1,Resumo!$C$10))/DAY(EOMONTH(A10,0)) -> 1 | D10: =MAX(0,MIN(EOMONTH(A10,0),Resumo!$C$12)-MAX(A10-1,Resumo!$C$11))/DAY(EOMONTH(A10,0)) -> 0 | E10: Conferir | F10: Confirmar na série oficial do BCB
A11: 46082 | B11: 0.0121 | C11: =MAX(0,MIN(EOMONTH(A11,0),Resumo!$C$12)-MAX(A11-1,Resumo!$C$10))/DAY(EOMONTH(A11,0)) -> 1 | D11: =MAX(0,MIN(EOMONTH(A11,0),Resumo!$C$12)-MAX(A11-1,Resumo!$C$11))/DAY(EOMONTH(A11,0)) -> 0 | E11: Conferir | F11: Confirmar na série oficial do BCB
A12: 46113 | B12: 0.0109 | C12: =MAX(0,MIN(EOMONTH(A12,0),Resumo!$C$12)-MAX(A12-1,Resumo!$C$10))/DAY(EOMONTH(A12,0)) -> 1 | D12: =MAX(0,MIN(EOMONTH(A12,0),Resumo!$C$12)-MAX(A12-1,Resumo!$C$11))/DAY(EOMONTH(A12,0)) -> 0 | E12: Conferir | F12: Confirmar na série oficial do BCB
A13: 46143 | B13: 0.0107 | C13: =MAX(0,MIN(EOMONTH(A13,0),Resumo!$C$12)-MAX(A13-1,Resumo!$C$10))/DAY(EOMONTH(A13,0)) -> 1 | D13: =MAX(0,MIN(EOMONTH(A13,0),Resumo!$C$12)-MAX(A13-1,Resumo!$C$11))/DAY(EOMONTH(A13,0)) -> 0 | E13: Conferir | F13: Confirmar na série oficial do BCB
A14: 46174 | B14: 0.0112 | C14: =MAX(0,MIN(EOMONTH(A14,0),Resumo!$C$12)-MAX(A14-1,Resumo!$C$10))/DAY(EOMONTH(A14,0)) -> 1 | D14: =MAX(0,MIN(EOMONTH(A14,0),Resumo!$C$12)-MAX(A14-1,Resumo!$C$11))/DAY(EOMONTH(A14,0)) -> 0 | E14: Conferir | F14: Confirmar na série oficial do BCB
A15: 46204 | B15: 0.0122 | C15: =MAX(0,MIN(EOMONTH(A15,0),Resumo!$C$12)-MAX(A15-1,Resumo!$C$10))/DAY(EOMONTH(A15,0)) -> 1 | D15: =MAX(0,MIN(EOMONTH(A15,0),Resumo!$C$12)-MAX(A15-1,Resumo!$C$11))/DAY(EOMONTH(A15,0)) -> 0.032258065 | E15: Conferir | F15: Confirmar na série oficial do BCB
A16: 46235 | B16: 0.0099 | C16: =MAX(0,MIN(EOMONTH(A16,0),Resumo!$C$12)-MAX(A16-1,Resumo!$C$10))/DAY(EOMONTH(A16,0)) -> 1 | D16: =MAX(0,MIN(EOMONTH(A16,0),Resumo!$C$12)-MAX(A16-1,Resumo!$C$11))/DAY(EOMONTH(A16,0)) -> 1 | E16: Conferir | F16: Confirmar na série oficial do BCB
... A18: 46296 | B18: 0.0099 | C18: =MAX(0,MIN(EOMONTH(A18,0),Resumo!$C$12)-MAX(A18-1,Resumo!$C$10))/DAY(EOMONTH(A18,0)) -> 0.96774194 | D18: =MAX(0,MIN(EOMONTH(A18,0),Resumo!$C$12)-MAX(A18-1,Resumo!$C$11))/DAY(EOMONTH(A18,0)) -> 0.96774194 | E18: Estimativa | F18: Mês sem dado disponível – substituir pelo índice oficial
A20: Fator acumulado | C20: =EXP(SUMPRODUCT(LN(1+$B$5:$B$18*C5:C18))) -> 1.1440789 | D20: =EXP(SUMPRODUCT(LN(1+$B$5:$B$18*D5:D18))) -> 1.0300745
A21: Variação (%) | C21: =C20-1 -> 0.14407885 | D21: =D20-1 -> 0.030074516
